admin,Quản lý,15/04/2026 09:46:02
admin,Quản lý,15/04/2026 09:57:50
admin,Quản lý,15/04/2026 10:34:39
nam,Nhân viên,15/04/2026 10:35:35
admin,Quản lý,15/04/2026 10:46:08
Nam,Nhân viên,15/04/2026 10:46:39
admin,Quản lý,15/04/2026 20:48:00
admin,Quản lý,15/04/2026 21:01:03
admin,Quản lý,17/04/2026 20:33:23
Nam,Nhân viên,17/04/2026 20:33:45
Nam,Nhân viên,17/04/2026 20:38:59
Nam,Nhân viên,17/04/2026 20:45:26
Nam,Nhân viên,17/04/2026 20:46:00
admin,Quản lý,19/04/2026 20:21:44
Nam,Nhân viên,19/04/2026 20:22:04
Nam,Nhân viên,19/04/2026 20:22:35
Nam,Nhân viên,19/04/2026 20:28:10
Nam,Nhân viên,19/04/2026 20:32:30
Nam,Nhân viên,19/04/2026 20:40:18
Nam,Nhân viên,19/04/2026 20:41:20
Nam,Nhân viên,19/04/2026 20:41:36
Nam,Nhân viên,19/04/2026 20:44:23
Nam,Nhân viên,19/04/2026 20:44:47
Nam,Nhân viên,19/04/2026 20:45:15
Nam,Nhân viên,19/04/2026 20:46:20
Nam,Nhân viên,19/04/2026 20:46:50
Nam,Nhân viên,19/04/2026 20:55:37
Nam,Nhân viên,19/04/2026 20:56:10
Nam,Nhân viên,19/04/2026 21:01:20
Nam,Nhân viên,19/04/2026 21:03:09
Nam,Nhân viên,19/04/2026 21:05:26
Nam,Nhân viên,19/04/2026 21:10:25
Nam,Nhân viên,19/04/2026 21:15:44
Nam,Nhân viên,19/04/2026 21:27:18
admin,Quản lý,19/04/2026 21:28:07
Nam,Nhân viên,19/04/2026 21:28:23
Nam,Nhân viên,19/04/2026 21:32:12
Nam,Nhân viên,19/04/2026 21:33:05
Nam,Nhân viên,19/04/2026 21:41:18
Nam,Nhân viên,19/04/2026 22:05:12
Nam,Nhân viên,19/04/2026 22:07:06
Nam,Nhân viên,19/04/2026 22:08:43
Nam,Nhân viên,19/04/2026 22:13:56
admin,Quản lý,19/04/2026 22:23:17
Nam,Nhân viên,19/04/2026 22:23:30
Nam,Nhân viên,19/04/2026 22:25:55
Nam,Nhân viên,20/04/2026 22:01:45
admin,Quản lý,20/04/2026 22:03:19
Nam,Nhân viên,20/04/2026 22:03:59
